ll_id,harvestingstat.mean,harvestingstat.cv,demandpercapita,ptosell,lossfrac,fertility,yield,suitability,transportation,maintenance,steepness,floorbiomass,ll_short
1,0,0,0,0,0,0,0,0,0,0,0,0,Off-farm
2,0,0,0,0,0,0,0,0,0,0,0,0,NTFP
3,0,0,0,0,0,0,0,0,0,0,0,0,Timber
4,0.18,0,0,1,0.01,0.4,0.6,0.9,0.8,0.5,0.7,0.1,AGR[patchouli]
5,0.03,0,0,0.5,0.01,0.4,0.6,1,0.5,0.4,0.1,0.1,AGR[rice]
6,0.02,0,0,0.9,0.01,0.3,0.6,0.9,0.1,0.4,0.6,0.1,AGR[vegetable]
7,0.03,0,0,1,0,0.2,0.3,0.9,0.1,0.4,0.5,0.1,AGR[maize]
8,0.04,0,0,1,0,0.2,0.3,0.9,0.1,0.4,0.5,0.1,TRE[complexAF]
9,0.04,0,0,1,0,0.3,0.6,0.9,0.1,0.4,0.5,0.1,TRE[cacaoAF]
10,0.08,0,0,1,0,0.4,0.3,0.9,0.1,0.4,0.5,0.1,TRE[coconutAF]
11,0.04,0,0,1,0,0.4,0.3,0.9,0.1,0.4,0.5,0.1,TRE[cloveAF]
12,8.33,0,0,1,0,0.3,0.3,0.9,0.7,0.4,0.5,0.1,TRE[sengonMono]
13,0,0,0,0,0,1,1,1,1,1,1,1,TRE[af6]
14,0,0,0,0,0,1,1,1,1,1,1,1,TRE[af7]
15,0,0,0,0,0,1,1,1,1,1,1,1,TRE[af8]
