ll_id,pricestat.mean,pricestat.cv,exppayofftolabor.agent1,exppayofftoland.agent1,exppayofftolabor.agent2,exppayofftoland.agent2,subsidy_estsub,subsidy_mntsub,estcoststat.mean,estcoststat.cv,estlaborstat.mean,estlaborstat.cv,extlaborstat.mean,extlaborstat.cv,ll_short
1,4,0,0,0,0,0,0,0,0,0,0,0,0,0,Off-farm
2,0,0,0,0,0,0,0,0,0,0,0,0,0,0,NTFP
3,0,0,0,0,0,0,0,0,0,0,0,0,0,0,Timber
4,1071,0.1,17,3472,0,0,0,0,199,0,104,0,53,0,AGR[patchouli]
5,500,0.1,5,851,0,0,0,0,63,0,20,0,9,0,AGR[rice]
6,552,0.1,5,1938,0,0,0,0,99,0,125,0,10,0,AGR[vegetable]
7,286,0.1,2,607,0,0,0,0,78,0,69,0,9,0,AGR[maize]
8,3571,0.1,6,377,0,0,0,0,21,0,4,0,21,0,TRE[complexAF]
9,1786,0.1,9,1090,0,0,0,0,502,0,40,0,21,0,TRE[cacaoAF]
10,357,0.1,7,415,0,0,0,0,109,0,21,0,4,0,TRE[coconutAF]
11,2143,0.1,11,1246,0,0,0,0,657,0,81,0,23,0,TRE[cloveAF]
12,7,0.1,100,3518,0,0,0,0,921,0,58,0,3,0,TRE[sengonMono]
13,0,0,0,0,0,0,0,0,0,0,0,0,0,0,TRE[af6]
14,0,0,0,0,0,0,0,0,0,0,0,0,0,0,TRE[af7]
15,0,0,0,0,0,0,0,0,0,0,0,0,0,0,TRE[af8]
