lc_id,lc_short,nonlaborcost.mean,nonlaborcost.cv,yield.mean,yield.cv
0,SET[settlement],0,0,0,0
1,FOR[forest]PI,0,0,0,0
2,FOR[forest]YO,0,0,0,0
3,FOR[forest]MA,0,0,0,0
4,FOR[forest]OL,0,0,0,0
5,AGR[pathcouli],497,0,5,0.01
6,AGR[rice],418,0,4,0.01
7,AGR[vegetable],88,0,5.6,0.01
8,AGR[maize],177,0,2.4,0.01
9,TRE[complexAF]PI,31,0,0.01,0.01
10,TRE[complexAF]YO,31,0,0.07,0.01
11,TRE[complexAF]MA,51,0,0.14,0.01
12,TRE[complexAF]OL,41,0,0.07,0.01
13,TRE[cacaoAF]PI,86,0,0.05,0.01
14,TRE[cacaoAF]YO,86,0,0.35,0.01
15,TRE[cacaoAF]MA,63,0,0.7,0.01
16,TRE[cacaoAF]OL,59,0,0.35,0.01
17,TRE[coconutAF]PI,20,0,0.6,0.01
18,TRE[coconutAF]YO,20,0,0.9,0.01
19,TRE[coconutAF]MA,40,0,1,0.01
20,TRE[coconutAF]OL,32,0,1.4,0.01
21,TRE[cloveAF]PI,87,0,0.03,0.01
22,TRE[cloveAF]YO,87,0,0.4,0.01
23,TRE[cloveAF]MA,158,0,0.8,0.01
24,TRE[cloveAF]OL,126,0,0.4,0.01
25,TRE[sengonMono]PI,53,0,0,0
26,TRE[sengonMono]YO,53,0,50,0.01
27,TRE[sengonMono]MA,53,0,0,0
28,TRE[sengonMono]OL,53,0,250,0.01
29,TRE[af6]PI,0,0,0,0
30,TRE[af6]YO,0,0,0,0
31,TRE[af6]MA,0,0,0,0
32,TRE[af6]OL,0,0,0,0
33,TRE[af7]PI,0,0,0,0
34,TRE[af7]YO,0,0,0,0
35,TRE[af7]MA,0,0,0,0
36,TRE[af7]OL,0,0,0,0
37,TRE[af8]PI,0,0,0,0
38,TRE[af8]YO,0,0,0,0
39,TRE[af8]MA,0,0,0,0
40,TRE[af8]OL,0,0,0,0
