lu_id,color,landuse,lu_short,lu_group
1,#FFFFFF,Settlement[set],SET[settlement],Settlement
2,#007D00,Forest[for],FOR[forest],Forest
3,#FFFF00,Agriculture[agr1],AGR[patchouli],Agriculture
4,#FF0000,Agriculture[agr2],AGR[rice],Agriculture
5,#FF9600,Agriculture[agr3],AGR[vegetable],Agriculture
6,#C8FAFF,Agriculture[agr4],AGR[maize],Agriculture
7,#646400,Tree-based system[af1],TRE[complexAF],Tree-based system
8,#963219,Tree-based system[af2],TRE[cacaoAF],Tree-based system
9,#000096,Tree-based system[af3],TRE[coconutAF],Tree-based system
10,#960096,Tree-based system[af4],TRE[cloveAF],Tree-based system
11,#4B4B4B,Tree-based system[af5],TRE[sengonMono],Tree-based system
12,#009696,Tree-based system[af6],TRE[af6],Tree-based system
13,#C86400,Tree-based system[af7],TRE[af7],Tree-based system
14,#FF325A,Tree-based system[af8],TRE[af8],Tree-based system
