lc_id,color,landuse,landcover,growth_stage,lc_short,lu_id,ll_id
0,#FFFFFF,Settlement,settlement,,SET[settlement],1,
1,#96FF00,Forest,forest,Pioneer,FOR[forest]PI,2,
2,#00FF00,Forest,forest,Young,FOR[forest]YO,2,
3,#007D00,Forest,forest,Mature,FOR[forest]MA,2,
4,#004B00,Forest,forest,Old,FOR[forest]OL,2,
5,#FFFF00,Agriculture,patchouli,,AGR[patchouli],3,4
6,#FF0000,Agriculture,rice,,AGR[rice],4,5
7,#FF9600,Agriculture,vegetable,,AGR[vegetable],5,6
8,#73A58B,Agriculture,maize,,AGR[maize],6,7
9,#D7D700,Tree-based system,complexAF,Pioneer,TRE[complexAF]PI,7,8
10,#AFAF00,Tree-based system,complexAF,Young,TRE[complexAF]YO,7,8
11,#828200,Tree-based system,complexAF,Mature,TRE[complexAF]MA,7,8
12,#646400,Tree-based system,complexAF,Old,TRE[complexAF]OL,7,8
13,#5B5BFF,Tree-based system,cacaoAF,Pioneer,TRE[cacaoAF]PI,8,9
14,#2121CD,Tree-based system,cacaoAF,Young,TRE[cacaoAF]YO,8,9
15,#0000CC,Tree-based system,cacaoAF,Mature,TRE[cacaoAF]MA,8,9
16,#000096,Tree-based system,cacaoAF,Old,TRE[cacaoAF]OL,8,9
17,#E88A74,Tree-based system,coconutAF,Pioneer,TRE[coconutAF]PI,9,10
18,#E1684B,Tree-based system,coconutAF,Young,TRE[coconutAF]YO,9,10
19,#CC4222,Tree-based system,coconutAF,Mature,TRE[coconutAF]MA,9,10
20,#963219,Tree-based system,coconutAF,Old,TRE[coconutAF]OL,9,10
21,#FF6DFF,Tree-based system,cloveAF,Pioneer,TRE[cloveAF]PI,10,11
22,#FF2DFF,Tree-based system,cloveAF,Young,TRE[cloveAF]YO,10,11
23,#E200E2,Tree-based system,cloveAF,Mature,TRE[cloveAF]MA,10,11
24,#960096,Tree-based system,cloveAF,Old,TRE[cloveAF]OL,10,11
25,#C8C8C8,Tree-based system,sengonMono,Pioneer,TRE[sengonMono]PI,11,12
26,#969696,Tree-based system,sengonMono,Young,TRE[sengonMono]YO,11,12
27,#4B4B4B,Tree-based system,sengonMono,Mature,TRE[sengonMono]MA,11,12
28,#191919,Tree-based system,sengonMono,Old,TRE[sengonMono]OL,11,12
29,#AFFFFF,Tree-based system,af6,Pioneer,TRE[af6]PI,12,13
30,#19FFFF,Tree-based system,af6,Young,TRE[af6]YO,12,13
31,#00DFDA,Tree-based system,af6,Mature,TRE[af6]MA,12,13
32,#009696,Tree-based system,af6,Old,TRE[af6]OL,12,13
33,#FFC78F,Tree-based system,af7,Pioneer,TRE[af7]PI,13,14
34,#FFA143,Tree-based system,af7,Young,TRE[af7]YO,13,14
35,#FA7D00,Tree-based system,af7,Mature,TRE[af7]MA,13,14
36,#C86400,Tree-based system,af7,Old,TRE[af7]OL,13,14
37,#FFCDD7,Tree-based system,af8,Pioneer,TRE[af8]PI,14,15
38,#FF97AB,Tree-based system,af8,Young,TRE[af8]YO,14,15
39,#FF6582,Tree-based system,af8,Mature,TRE[af8]MA,14,15
40,#FF325A,Tree-based system,af8,Old,TRE[af8]OL,14,15
