ll_id,livelihood,ll_short,lu_id,lu_group
1,Off-farm,Off-farm,,
2,NTFP,NTFP,2,Forest
3,Timber,Timber,2,Forest
4,Agriculture[agr1],AGR[pathcouli],3,Agriculture
5,Agriculture[agr2],AGR[rice],4,Agriculture
6,Agriculture[agr3],AGR[vegetable],5,Agriculture
7,Agriculture[agr4],AGR[maize],6,Agriculture
8,Tree-based system[af1],TRE[complexAF],7,Tree-based system
9,Tree-based system[af2],TRE[cacaoAF],8,Tree-based system
10,Tree-based system[af3],TRE[coconutAF],9,Tree-based system
11,Tree-based system[af4],TRE[cloveAF],10,Tree-based system
12,Tree-based system[af5],TRE[sengonMono],11,Tree-based system
13,Tree-based system[af6],TRE[af6],12,Tree-based system
14,Tree-based system[af7],TRE[af7],13,Tree-based system
15,Tree-based system[af8],TRE[af8],14,Tree-based system
