"label","id","group","file","ll_id"
"Initial soil fertility","initsoilfert_map","general","initsoil.tif",""
"Max soil fertility","maxsoilfert_map","general","maxsoil.tif",""
"Slope map","slope_map","general","slope.tif",""
"Subcatchment area","subcatchment_map","general","subcatch.tif",""
"Logging zone","initlog_map","general","initlog.tif",""
"Reserved area","reserve_map","general","reserve.tif",""
"Disaster area","disaster_map","general","disaster.tif",""
"Agriculture[agr1]","suit_1","suitability","stfood1.tif","4"
"Agriculture[agr2]","suit_2","suitability","stfood2.tif","5"
"Agriculture[agr3]","suit_3","suitability","stfood3.tif","6"
"Agriculture[agr4]","suit_4","suitability","stfood4.tif","7"
"Tree-based system[af1]","suit_5","suitability","staf1.tif","8"
"Tree-based system[af2]","suit_6","suitability","staf2.tif","9"
"Tree-based system[af3]","suit_7","suitability","staf3.tif","10"
"Tree-based system[af4]","suit_8","suitability","staf4.tif","11"
"Tree-based system[af5]","suit_9","suitability","staf5.tif","12"
"Tree-based system[af6]","suit_10","suitability","staf6.tif","13"
"Tree-based system[af7]","suit_11","suitability","staf7.tif","14"
"Tree-based system[af8]","suit_12","suitability","staf8.tif","15"
"Road proximity","proxi_1","proximity","droada.tif",""
"River proximity","proxi_2","proximity","drivera.tif",""
"Market proximity","proxi_3","proximity","dmarta.tif",""
"Settlement proximity","proxi_4","proximity","dseta.tif",""
"Processing industry of NTFP","proxi_5","proximity","dindnta.tif","2"
"Processing industry of Timber","proxi_6","proximity","dindloga.tif","3"
"Processing industry of Agriculture[agr1]","proxi_7","proximity","dindfd1a.tif","4"
"Processing industry of Agriculture[agr2]","proxi_8","proximity","dindfd2a.tif","5"
"Processing industry of Agriculture[agr3]","proxi_9","proximity","dindfd3a.tif","6"
"Processing industry of Agriculture[agr4]","proxi_10","proximity","dindfd4a.tif","7"
"Processing industry of Tree-based system[af1]","proxi_11","proximity","dindaf1a.tif","8"
"Processing industry of Tree-based system[af2]","proxi_12","proximity","dindaf2a.tif","9"
"Processing industry of Tree-based system[af3]","proxi_13","proximity","dindaf3a.tif","10"
"Processing industry of Tree-based system[af4]","proxi_14","proximity","dindaf4a.tif","11"
"Processing industry of Tree-based system[af5]","proxi_15","proximity","dindaf5a.tif","12"
"Processing industry of Tree-based system[af6]","proxi_16","proximity","dindaf6a.tif","13"
"Processing industry of Tree-based system[af7]","proxi_17","proximity","dindaf7a.tif","14"
"Processing industry of Tree-based system[af8]","proxi_18","proximity","dindaf8a.tif","15"
