ll_id,culturaldeliberation,event,credibility,exposure,explabor,expland,pfireuse,ll_short
1,0,0,0,0,0,0,0,Off-farm
2,0,0,0,0,0,0,0,NTFP
3,0,0,0,0,0,0,0,Timber
4,0,0,0,0,17,3472,0,AGR[patchouli]
5,0.8,1,0.5,1,5,851,0,AGR[rice]
6,0.2,1,1,1,5,1938,0,AGR[vegetable]
7,0,1,1,1,2,607,0,AGR[maize]
8,0.2,0,0,0,6,377,0,TRE[complexAF]
9,0,0,0,0,9,1090,0,TRE[cacaoAF]
10,0,0,0,0,7,415,0,TRE[coconutAF]
11,0,0,0,0,11,1246,0,TRE[cloveAF]
12,0,0,0,0,101,3518,0,TRE[sengonMono]
13,0,0,0,0,0,0,0,TRE[af6]
14,0,0,0,0,0,0,0,TRE[af7]
15,0,0,0,0,0,0,0,TRE[af8]
